Score,Class
-54395.73644620886,0
-54274.72464741732,0
-54328.85126581599,0
-54371.06298104531,0
-54251.38534376579,0
-11648.130482091825,1
-11714.396758022473,1
-11926.271254520305,1
-11755.642615234805,1
-11467.624200343504,1